{"nishowsan": [[1, "benhamill"], [1, "zmeda"], [1, "distobj"], [1, "jmesmon"], [1, "zecoxao"]], "josh": [[0.9340883740883741, "benhamill"], [0.9340883740883741, "zmeda"], [0.9340883740883741, "distobj"], [0.9340883740883741, "jmesmon"], [0.9340883740883741, "zecoxao"]], "andrew": [[0.9340883740883741, "benhamill"], [0.9340883740883741, "zmeda"], [0.9340883740883741, "distobj"], [0.9340883740883741, "jmesmon"], [0.9340883740883741, "zecoxao"]]}